{
    "attachments": [
        {
            "data_filename": "1175905.png",
            "original_filename": "upload_2024-10-19_16-35-37.png",
            "thumb_filename": "thumbs\/1175905.jpg"
        },
        {
            "data_filename": "1178052.png",
            "original_filename": "upload_2024-10-29_0-7-7.png",
            "thumb_filename": "thumbs\/1178052.jpg"
        }
    ],
    "resource_id": 24952,
    "current_version_id": 58758,
    "download_count": 0,
    "resource_version_id": 59799,
    "version_string": "2.5",
    "last_update": 1734424688,
    "rating_avg": 4.7766,
    "rating_count": 0,
    "rating_sum": 0,
    "resource_category_id": 7,
    "resource_date": 1672916766,
    "review_count": 104,
    "tag_line": "Interior camera with new effects",
    "update_count": 8,
    "path": "M74FZRWE3\/58758\/",
    "filename": "enhanceddriver.zip",
    "title": "Enhanced Interior Camera",
    "user_id": 8160,
    "username": "austint30",
    "tagid": "M74FZRWE3",
    "message": "This is my first ever BeamNG mod! I have noticed that there aren't many camera script mods available, so I decided to make one to the best of my ability.\n\nThis camera script is a modification of the original driver.lua script that comes with the game. I have added screen shaking effects and additional g-force driven effects to increase the sense of speed and improve the fun-factor of driving overall. These camera effects are partially inspired by Forza and DriveClub.\n\nSpeed screen shake\n[MEDIA=youtube]oI0YYdl4X6I[\/MEDIA]\n\nJump g-force effect\n[MEDIA=youtube]AMqWX17AGbk[\/MEDIA]\n\nHead-on collision effect\n[MEDIA=youtube]2tizvcWoN84[\/MEDIA]\n\nDrift screen shake\n[MEDIA=youtube]a8reZI7TQWI[\/MEDIA]\n\n[B]Features:[\/B]\n[LIST]\n[*]Subtle screen shake when over 100 mph.\n[*]Screen shake while drifting.\n[*]Camera tilts back slightly when accelerating.\n[*]Camera tilts forward slightly while braking.\n[*]Camera jerks forward on heavy head-on collisions.\n[*]Camera jerks forward with heavy upward g-forces. (i.e. driving on loops, hitting ramps or large bumps, hard landings)\n[*][NEW v1.2] Smoothing of bumps. Makes Johnson Valley more tolerable in interior view.\n[*][NEW v1.3] Added no_shake variant that removes all artificial camera shake effects. (Removed in v2.0. Now Smooth preset)\n[*][NEW v2.0] UI App to customize camera effects (with presets)\n[*][NEW v2.0] VR presets\n\n[*][NEW v2.0] Lock to horizon options\n[\/LIST]\n\n[B]How to Enable:[\/B]\nGo to Options > Camera and enable EnhancedDriver.\n[B][ATTACH=full]1178052[\/ATTACH]\nHow to Customize:[\/B]\nGo to UI Apps > Add App > Enhanced Interior Camera Settings\nThis UI app allows you to customize camera effects in great detail. It also provides multiple presets such as: Intense, Smooth, VR (Comfort), and VR (Thrill). You can also create your own presets.\n[ATTACH=full]1175905[\/ATTACH]\n\n[B]Preset Descriptions:[\/B]\n[LIST]\n[*]Default - The original behavior of the mod at version 1.3\n[*]Intense - Shake and head motion effects are dialed in a little bit.\n[*]Smooth -  Like default, but with no shake effects.\n[*]VR (Comfort) - Locks to horizon on both pitch and roll axises.\n[*]VR (Thrill) - A more fun, but probably more nauseating experience. (My favorite!)\n[\/LIST]\n\n[B]How to use in BeamMP[\/B]\nBeamMP will disable this mod when used in a server that does not include it. In order to use it, you need to extract the lua, settings, and ui folders of enhanceddriver.zip into your BeamNG userfolder. Your user folder can be found by navigating to [I]C:\/Users\/<your name>\/AppData\/Local\/BeamNG.drive\/latest[\/I]. This will instruct BeamNG to load these files without treating it as a \"mod.\"\n\n[B]Known issues:[\/B]\n[LIST]\n[*]Does not remember resizing the App UI window.\n[*]Camera jerks forward when using recover vehicle at speed.\n[*]HUD doesn't hide. (researching ways to fix this)\n[\/LIST]\n[B][B][HR][\/HR][\/B]\nCompatibility[\/B]\n[I]Requires BeamNG version 0.33[\/I].\nIf you are on an older version of BeamNG, please try downloading previous versions of the mod in the [URL='https:\/\/www.beamng.com\/resources\/enhanced-interior-camera.24952\/historyImproved']Version History tab[\/URL].\n\n[FONT=Courier New]+-------------+-------------------------+\n| Mod Version | Required BeamNG Version |\n+-------------+-------------------------+\n| \u3164\u3164\u3164\u3164\u31642.4 |\u3164\u3164\u3164\u3164\u31640.34 | [URL='https:\/\/www.beamng.com\/resources\/enhanced-interior-camera.24952\/download?version=58758']Download [\/URL]|\n| \u3164\u3164\u3164\u3164\u31642.3 |\u3164\u3164\u3164\u3164\u31640.33 | [URL='https:\/\/www.beamng.com\/resources\/enhanced-interior-camera.24952\/download?version=57877']Download [\/URL]|\n| \u3164\u3164\u3164\u3164\u31642.2 |\u3164\u3164\u3164\u3164\u31640.33 | [URL='https:\/\/www.beamng.com\/resources\/enhanced-interior-camera.24952\/download?version=57808']Download [\/URL]|\n| \u3164\u3164\u3164\u3164\u31642.1 |\u3164\u3164\u3164\u3164\u31640.33 | [URL='https:\/\/www.beamng.com\/resources\/enhanced-interior-camera.24952\/download?version=57759']Download [\/URL]|\n| \u3164\u3164\u3164\u3164\u31642.0 |\u3164\u3164\u3164\u3164\u31640.33 | [URL='https:\/\/www.beamng.com\/resources\/enhanced-interior-camera.24952\/download?version=57753']Download [\/URL]|\n| \u3164\u3164\u3164\u3164\u31641.3 |\u3164\u3164\u3164\u3164\u31640.28 | [URL='https:\/\/www.beamng.com\/resources\/enhanced-interior-camera.24952\/download?version=46293']Download [\/URL]|\n| \u3164\u3164\u3164\u3164\u31641.2 |\u3164\u3164\u3164\u3164\u31640.27 | [URL='https:\/\/www.beamng.com\/resources\/enhanced-interior-camera.24952\/download?version=44839']Download [\/URL]|\n| \u3164\u3164\u3164\u3164\u31641.1 |\u3164\u3164\u3164\u3164\u31640.27 | [URL='https:\/\/www.beamng.com\/resources\/enhanced-interior-camera.24952\/download?version=44107']Download [\/URL]|\n| \u3164\u3164\u3164\u3164\u31641.0 |\u3164\u3164\u3164\u3164\u31640.27 | [URL='https:\/\/www.beamng.com\/resources\/enhanced-interior-camera.24952\/download?version=43478']Download [\/URL]|\n+-------------+-------------------------+[\/FONT]\n\n[B][HR][\/HR]\n[SIZE=7][URL='https:\/\/ko-fi.com\/austint30'][COLOR=#80ff00]Buy me a coffee![\/COLOR] :)[\/URL][\/SIZE]\n[HR][\/HR]\nLinks:[\/B]\n[LIST]\n[*][URL='https:\/\/github.com\/Austint30\/beamng-enhanced-interior-camera']Source code[\/URL] (Contributions are welcome)\n[*][URL='https:\/\/www.beamng.com\/threads\/enhanced-interior-camera-mod-discussion.101813\/']Discussion and Bug Reports Forum[\/URL]\n[\/LIST]\n[B][HR][\/HR]\n\nYouTube videos featuring this mod:[\/B]\n[LIST]\n[*][MEDIA=youtube]J8GniQpOwJ4[\/MEDIA]\n\n[*][MEDIA=youtube]94RNt1aldNI[\/MEDIA]\n\n[*][MEDIA=youtube]P_zu8KDQtBk[\/MEDIA]\n[\/LIST]",
    "category_title": "",
    "prefix_title": "",
    "via": "packed by repo on Thu, 06 Feb 2025 09:07:26 GMT",
    "hashes": [
        [
            "lua\/ge\/extensions\/core\/enhanceddriver\/perlin.lua",
            "7ccdd4a0a5c69a6d"
        ],
        [
            "lua\/ge\/extensions\/core\/cameraModes\/speedshake.lua",
            "b5a25ba01ae1994c"
        ],
        [
            "lua\/ge\/extensions\/core\/cameraModes\/enhanceddriver.lua",
            "7b357a8f1936112b"
        ],
        [
            "ui\/modules\/apps\/edcSettings\/app.js",
            "df74e46c41a64e7c"
        ],
        [
            "ui\/modules\/apps\/edcSettings\/app.css",
            "43e3fc40b74fd142"
        ],
        [
            "ui\/modules\/apps\/edcSettings\/app.png",
            "b62640396ab9ecbf"
        ],
        [
            "ui\/modules\/apps\/edcSettings\/app.html",
            "c6ceecbabda379ed"
        ],
        [
            "ui\/modules\/apps\/edcSettings\/app.json",
            "4e01ad708839c37d"
        ],
        [
            "settings\/enhanceddriver\/defaultSettings.json",
            "bbb2ec3a4081d440"
        ]
    ]
}