{
    "attachments": [
        {
            "data_filename": "743407.png",
            "original_filename": "Relationship-between-slip-ratio-and-friction-coefficientppm1.png",
            "thumb_filename": "thumbs\/743407.jpg"
        },
        {
            "data_filename": "743408.png",
            "original_filename": "ae40dcc6f0219eca6195df8ec2de575217f706be.png",
            "thumb_filename": "thumbs\/743408.jpg"
        },
        {
            "data_filename": "743413.png",
            "original_filename": "flowbehaviorindex.png",
            "thumb_filename": "thumbs\/743413.jpg"
        }
    ],
    "resource_id": 15350,
    "current_version_id": 32994,
    "download_count": 0,
    "resource_version_id": 43026,
    "version_string": "1.31",
    "last_update": 1625473656,
    "rating_avg": 4.875,
    "rating_count": 0,
    "rating_sum": 0,
    "resource_category_id": 10,
    "resource_date": 1606428331,
    "review_count": 43,
    "tag_line": "Allows you to change the road's grip in realtime!",
    "update_count": 5,
    "path": "M8GDW2BCF\/32994\/",
    "filename": "change_ground_grip_angelo234.zip",
    "title": "Road Grip Editor",
    "user_id": 254331,
    "username": "angelo234",
    "tagid": "M8GDW2BCF",
    "message": "[B][SIZE=6]If the mod isn't working for you, press CTRL + L (restarts Lua) and restart the map if you are already in one, which should make it work.[\/SIZE][\/B]\n[SIZE=4]\n[B]Road Grip Editor[\/B] allows you to change the road surface grip in-game and in realtime, allowing you to simulate icy conditions, F1 levels of grip, and even negative grip on any map, without having to modify the values in the map or vehicle files! This is possible thanks to the current game code which allows you to dynamically update the road surfaces. And I am taking advantage of this to present you with this mod![\/SIZE]\n\n[IMG]https:\/\/drive.google.com\/uc?id=1xjzsDwYyGvE3jao44dKHFlylGLI-tTFo[\/IMG]\n\nVersion 1.31\n[ATTACH]969564[\/ATTACH] \n\n[B][SIZE=5]Mod Showcase by WhyBeAre:[\/SIZE][\/B]\n[MEDIA=youtube]Wv_kPZFFXrk[\/MEDIA]\n\n\n[B][SIZE=5]Tutorial on adding a UI app:[\/SIZE][\/B]\n[URL]https:\/\/wiki.beamng.com\/User_Interface_&_Apps[\/URL]\n\n[B][SIZE=6]Usage (Version 1.31)[\/SIZE][SIZE=5]:[\/SIZE][\/B]\n\n[B][SIZE=5]1. Select the Surface[\/SIZE][\/B]\nThe default surface is set to \"All Surfaces\" meaning that all surfaces will be modified. If you would like to modify an individual surface, click on the surface drop-down list and select from the many road surfaces, the one you would like to modify. Alternatively, you can select the surface the vehicle is on by clicking the \"Get Surface\" button.\n[SIZE=4]\n[B]Note:[\/B]\nSome surfaces such as \"Asphalt\" for example will also modify the surface grip of concrete and other \"similar\" surfaces. And some surfaces that you may think is a certain surface type may actually be a different type. For example, the surface you might think is of type \"Asphalt\" may actually be the \"Asphalt Old\" surface type, so you may need to do trial and error sometimes to find the right surface type.[\/SIZE]\n\n[SIZE=5][B]2. Edit Parameter Values[\/B][\/SIZE]\n[SIZE=4]Below the surface selector are the surface parameters which affect how the tires grip the surface. Next to each one is a question mark you can hover to get more information on them. And to the right of them are input boxes to modify their values. Hovering over the parameter's input box will tell you the minimum and maximum values that you can input. There are two ways to edit the surface parameter values:[\/SIZE]\n[LIST]\n[*][SIZE=4]Right-click on the input box, delete the current value, and then type in a new value[\/SIZE]\n[*][SIZE=4]Use the up\/down arrows in the input box to increment\/decrement the current value[\/SIZE]\n[\/LIST]\n[B][SIZE=5]3. Apply Changes[\/SIZE][\/B]\n[SIZE=4]Click on the \"Apply Changes\" button to apply the parameter values to the surface you selected.[\/SIZE]\n\n[SIZE=5][B]4. Resetting Parameter Values[\/B][\/SIZE]\nThere are two ways to reset the parameter values for surfaces:\n[LIST]\n[*]\"Reset to Default\" will reset the current surface grip to default settings\n[*]\"Reset All to Default\" will reset all the surfaces' grip to default settings\n[\/LIST]\n[B][SIZE=5]Note: [\/SIZE][\/B]\nThe applied settings will reset when you close out of the map.\n\n\n[B][SIZE=6]Surface Parameters and Definitions:\n[ATTACH]743407[\/ATTACH] [\/SIZE][\/B]\n[SIZE=4][ATTACH]743408[\/ATTACH] \nThe graph above gives you an idea of how tire friction depends on the slip ratio (the difference in velocity between the vehicle and the tire as a ratio). Zero or 0% slip ratio means that the vehicle's and tire's velocity are the same. And a slip ratio of 1.0 or 100% means that there is a two times difference in velocity between each other. Although, the game seems to use the difference in speed rather than a ratio between the tire and the ground, with having a \"Stribeck Velocity\" parameter.[\/SIZE]\n[LIST]\n[*][B]Static Friction (\u03bc)[\/B]\n[LIST]\n[*]The type of friction that allows you to stop and is actually what the tires experience when they are not spinning out or locked up. This value is most of the time higher than sliding friction. In the graph, this type of friction is present in the zone between 0% slip and peak friction, and the tire is technically slipping.\n[*]Examples of static friction include:\n[LIST]\n[*]Regular driving\n[*]Racetrack racing\n\n[*]Braking before wheels lockup\n[*]Accelerating before wheels spinout\n[\/LIST]\n[\/LIST]\n[*][B]Sliding Friction (\u03bc)[\/B]\n[LIST]\n[*]The type of friction that is experienced when your tires are spinning out or locked up as a result of going over the limits of static friction. And this is why ABS, Traction Control, and ESC exist to keep the car from experiencing sliding friction to give you the most grip. In the graph, this type of friction covers the zone to the right of peak friction. In the game, this is set as one value, which defines the lowest sliding friction value, and the distance and slope between peak friction and sliding friction are determined by the \"Stribeck Velocity\".\n[*]Examples of sliding friction include:\n[LIST]\n[*]Drifting\n[*]Doing a burnout\n[*]Braking too hard and locking your wheels\n[\/LIST]\n[\/LIST]\n[*][B][B]Stribeck Velocity (m\/s)[\/B][\/B]\n[LIST]\n[*]This determines how quickly you transition from static friction to sliding friction when you go over the limits of static friction. This value determines the difference in speed between the tire and vehicle required to switch completely from static to sliding friction, and sets the steepness of the slope between static and sliding friction.\n[\/LIST]\n[*][B]Hydrodynamic Friction (\u03bc)[\/B]\n[LIST]\n[*]The type of friction that is produced by the viscosity of the fluid (surface). This friction is proportional to the difference in velocity between the vehicle and the tires (e.g. the more you spin your tires, the more friction that is produced)\n[*]Examples of hydrodynamic friction include:\n[LIST]\n[*]Spinning your tires in mud\n[\/LIST]\n[\/LIST]\n[*][B]Roughness Coefficient[\/B]\n[LIST]\n[*]This value determines how well different types of tire treads grip the surface. For example, a value of zero works best for slick tires and a value of one works best for mud tires.\n[\/LIST]\n[*][B]Fluid Density (kg\/m^3)[\/B]\n[LIST]\n[*]This is the density of the surface. If the density of an object is greater than the density of the surface, the object will sink, and if the other way around, the object will float.\n[\/LIST]\n[\/LIST]\n[ATTACH]743417[\/ATTACH]\n[LIST]\n[*][B]Flow Consistency Index (Pa*s^n)[\/B]\n[LIST]\n[*]This value is basically a coefficient used to scale the viscosity (\u03b7) of the fluid proportionally to the \"shear rate\" (basically the velocity of the object passing through the surface) to the power of the \"flow behavior index\".\n[\/LIST]\n[\/LIST]\n[ATTACH]743413[\/ATTACH][ATTACH]743583[\/ATTACH]\n[LIST]\n[*][B]Flow Behavior Index (n)[\/B]\n[LIST]\n[*]This value defines the shape of the viscosity (\u03b7) vs. shear rate (\u03b3) curve. And you can see in the graph and table what the curve will look like depending on the type of surface\/fluid, based on this value. The game doesn't simulate Bingham plastics so ignore that.\n[\/LIST]\n[*][B]Drag Anisotropy[\/B]\n[LIST]\n[*]This value determines whether the object that rides on the surface will sink or float. Negative values cause the object to sink and positive values will cause floating.\n[\/LIST]\n[*][B]Default Depth (m)[\/B]\n[LIST]\n[*]This value defines the depth of the surface when the surface is flat and isn't overridden by the terrain.\n[\/LIST]\n[*][B]Skid Marks[\/B]\n[LIST]\n[*]I think this one is obvious enough?\n[\/LIST]\n[\/LIST]\n\n[B][SIZE=6]Possible Future Features:[\/SIZE][\/B]\n[LIST]\n[*]Bug fixes of course :)\n[\/LIST]\n\n[B][SIZE=6]Troubleshooting: [\/SIZE][\/B]\nIf the mod isn't working for you, press CTRL + L (restarts Lua) and restart the map if you are already in one, which should make it work.",
    "category_title": "",
    "prefix_title": "Beta",
    "via": "packed by repo on Thu, 08 Dec 2022 07:00:06 GMT",
    "hashes": [
        [
            "scripts\/change_ground_grip_angelo234\/modScript.lua",
            "5c956b2da3a04af7"
        ],
        [
            "scripts\/change_ground_grip_angelo234\/extension.lua",
            "2b46549a7e94ccb7"
        ],
        [
            "ui\/modules\/apps\/change_ground_grip_angelo234\/app.js",
            "d82caaf3416c743a"
        ],
        [
            "ui\/modules\/apps\/change_ground_grip_angelo234\/app.png",
            "e49d5a769e6c8f7c"
        ],
        [
            "ui\/modules\/apps\/change_ground_grip_angelo234\/app.html",
            "95bbb58bb47236dc"
        ],
        [
            "ui\/modules\/apps\/change_ground_grip_angelo234\/app.json",
            "9ea5534e629c3951"
        ]
    ]
}