{
  "chosenPreset": "Default",
  "presets": {
    "Default": {
      "gForceZ": 1,
      "gForceAccel": 1,
      "gForceDecel": 1,
      "gForceZThreshold": 0,
      "gForceYThreshold": 0,
      "speedShakeAmp": 1.6,
      "speedShakeFreq": 1,
      "speedShakeDetail": 3,
      "speedShakeMinSpeed": 44.7039259,
      "speedShakeMaxSpeed": 76.44371329,
      "driftShakeAmp": 1.3,
      "driftShakeFreq": 4,
      "driftShakeDetail": 3,
      "fovMinSpeed": 45,
      "fovMaxSpeed": 87,
      "fovAddDegrees": 5,
      "fovSmoothRate": 90,
      "lockPitchToHorizon": 0,
      "lockRollToHorizon": 0,
      "pitchSmoothing": 0.75,
      "rollSmoothing": 0.75
    },
    "Intense": {
      "gForceZ": 1.75,
      "gForceAccel": 1.25,
      "gForceDecel": 1.25,
      "gForceZThreshold": 0,
      "gForceYThreshold": 0,
      "speedShakeAmp": 1.8,
      "speedShakeFreq": 1,
      "speedShakeDetail": 3,
      "speedShakeMinSpeed": 44.7039259,
      "speedShakeMaxSpeed": 76.44371329,
      "driftShakeAmp": 1.6,
      "driftShakeFreq": 4,
      "driftShakeDetail": 3,
      "fovMinSpeed": 45,
      "fovMaxSpeed": 87,
      "fovAddDegrees": 15,
      "fovSmoothRate": 90,
      "lockPitchToHorizon": 0,
      "lockRollToHorizon": 0,
      "pitchSmoothing": 0.75,
      "rollSmoothing": 0.75
    },
    "Smooth": {
      "gForceZ": 1,
      "gForceAccel": 1,
      "gForceDecel": 1,
      "gForceZThreshold": 0,
      "gForceYThreshold": 0,
      "speedShakeAmp": 0,
      "speedShakeFreq": 0,
      "speedShakeDetail": 3,
      "speedShakeMinSpeed": 35,
      "speedShakeMaxSpeed": 65,
      "driftShakeAmp": 0,
      "driftShakeFreq": 0,
      "driftShakeDetail": 3,
      "fovMinSpeed": 45,
      "fovMaxSpeed": 87,
      "fovAddDegrees": 5,
      "fovSmoothRate": 90,
      "lockPitchToHorizon": 0,
      "lockRollToHorizon": 0,
      "pitchSmoothing": 0.50,
      "rollSmoothing": 0.50
    },
    "VR (Comfort)": {
      "gForceZ": 0,
      "gForceAccel": 0,
      "gForceDecel": 0,
      "gForceZThreshold": 0,
      "gForceYThreshold": 0,
      "speedShakeAmp": 0,
      "speedShakeFreq": 0,
      "speedShakeMinSpeed": 0,
      "speedShakeMaxSpeed": 0,
      "speedShakeDetail": 3,
      "driftShakeAmp": 0,
      "driftShakeFreq": 0,
      "driftShakeDetail": 3,
      "fovMinSpeed": 0,
      "fovMaxSpeed": 0,
      "fovAddDegrees": 0,
      "fovSmoothRate": 90,
      "lockPitchToHorizon": 1,
      "lockRollToHorizon": 1,
      "pitchSmoothing": 0,
      "rollSmoothing": 0
    },
    "VR (Thrill)": {
      "driftShakeAmp":0,
      "driftShakeDetail":3,
      "driftShakeFreq":0,
      "fovAddDegrees":0,
      "fovMaxSpeed":0,
      "fovMinSpeed":0,
      "fovSmoothRate": 90,
      "gForceAccel":1,
      "gForceDecel":1,
      "gForceYThreshold":20,
      "gForceZ":0.5,
      "gForceZThreshold":25,
      "lockPitchToHorizon":0.74,
      "lockRollToHorizon":0.21,
      "pitchSmoothing":0.65,
      "rollSmoothing":0.78,
      "speedShakeAmp":0,
      "speedShakeDetail":3,
      "speedShakeFreq":0,
      "speedShakeMaxSpeed":0,
      "speedShakeMinSpeed":0
    }
  }
}